{
	"IcoMoonType": "selection",
	"icons": [
		{
			"icon": {
				"paths": [
					"M522.449 512l-501.551 512-20.898-21.337 480.653-490.663-480.653-490.663 20.898-21.337 501.551 512z"
				],
				"attrs": [
					{}
				],
				"isMulticolor": false,
				"width": 522,
				"grid": 0,
				"tags": [
					"slider-next"
				]
			},
			"attrs": [
				{}
			],
			"properties": {
				"order": 2,
				"id": 1,
				"prevSize": 32,
				"code": 58880,
				"name": "slider-next"
			},
			"setIdx": 0,
			"setId": 0,
			"iconIdx": 0
		},
		{
			"icon": {
				"paths": [
					"M0 512l501.551 512 20.898-21.337-480.653-490.663 480.653-490.663-20.898-21.337-501.551 512z"
				],
				"attrs": [
					{}
				],
				"isMulticolor": false,
				"width": 522,
				"grid": 0,
				"tags": [
					"slider-prev"
				]
			},
			"attrs": [
				{}
			],
			"properties": {
				"order": 1,
				"id": 0,
				"prevSize": 32,
				"code": 58881,
				"name": "slider-prev"
			},
			"setIdx": 0,
			"setId": 0,
			"iconIdx": 1
		}
	],
	"height": 1024,
	"metadata": {
		"name": "icons"
	},
	"preferences": {
		"showGlyphs": true,
		"showQuickUse": true,
		"showQuickUse2": true,
		"showSVGs": true,
		"fontPref": {
			"prefix": "ico-",
			"metadata": {
				"fontFamily": "icons",
				"majorVersion": 1,
				"minorVersion": 0
			},
			"metrics": {
				"emSize": 1024,
				"baseline": 6.25,
				"whitespace": 50
			},
			"cssVars": true,
			"showSelector": true,
			"selector": "class",
			"classSelector": ".ico",
			"showVersion": false,
			"showMetadata": false
		},
		"imagePref": {
			"prefix": "icon-",
			"png": true,
			"useClassSelector": true,
			"color": 4473924,
			"bgColor": 16777215
		},
		"historySize": 100
	}
}