{
	"IcoMoonType": "selection",
	"icons": [
		{
			"icon": {
				"paths": [
					"M522.039 1024c282.77 0 512-229.23 512-512s-229.23-512-512-512c-282.77 0-512 229.23-512 512s229.23 512 512 512v0zM522.039 435.845l-180.706 180.706-14.198-14.198 194.903-194.903 194.903 194.903-14.198 14.198-180.706-180.706zM522.039 1003.922c-271.681 0-491.922-220.241-491.922-491.922s220.241-491.922 491.922-491.922c271.681 0 491.922 220.241 491.922 491.922s-220.241 491.922-491.922 491.922z"
				],
				"attrs": [
					{}
				],
				"isMulticolor": false,
				"width": 1044,
				"grid": 16,
				"tags": [
					"anchor"
				]
			},
			"attrs": [
				{}
			],
			"properties": {
				"order": 10,
				"id": 6,
				"prevSize": 32,
				"code": 58882,
				"name": "anchor"
			},
			"setIdx": 0,
			"setId": 0,
			"iconIdx": 0
		},
		{
			"icon": {
				"paths": [
					"M1032.705 511.876l-631.409 441.987v-883.972z"
				],
				"attrs": [
					{}
				],
				"isMulticolor": false,
				"width": 1434,
				"grid": 16,
				"tags": [
					"arr-right"
				]
			},
			"attrs": [
				{}
			],
			"properties": {
				"order": 26,
				"id": 13,
				"prevSize": 32,
				"code": 58883,
				"name": "arr-right"
			},
			"setIdx": 0,
			"setId": 0,
			"iconIdx": 1
		},
		{
			"icon": {
				"paths": [
					"M401.295 512.124l631.409-441.987v883.972z"
				],
				"attrs": [
					{}
				],
				"isMulticolor": false,
				"width": 1434,
				"grid": 16,
				"tags": [
					"arr-left"
				]
			},
			"attrs": [
				{}
			],
			"properties": {
				"order": 27,
				"id": 15,
				"prevSize": 32,
				"code": 58884,
				"name": "arr-left"
			},
			"setIdx": 0,
			"setId": 0,
			"iconIdx": 2
		},
		{
			"icon": {
				"paths": [
					"M717.124 827.705l-441.987-631.409h883.972z"
				],
				"attrs": [
					{}
				],
				"isMulticolor": false,
				"width": 1434,
				"grid": 16,
				"tags": [
					"arr-down"
				]
			},
			"attrs": [
				{}
			],
			"properties": {
				"order": 28,
				"id": 14,
				"prevSize": 32,
				"code": 58885,
				"name": "arr-down"
			},
			"setIdx": 0,
			"setId": 0,
			"iconIdx": 3
		},
		{
			"icon": {
				"paths": [
					"M716.876 196.295l441.987 631.409h-883.972z"
				],
				"attrs": [
					{}
				],
				"isMulticolor": false,
				"width": 1434,
				"grid": 16,
				"tags": [
					"arr-up"
				]
			},
			"attrs": [
				{}
			],
			"properties": {
				"order": 19,
				"id": 12,
				"prevSize": 32,
				"code": 58886,
				"name": "arr-up"
			},
			"setIdx": 0,
			"setId": 0,
			"iconIdx": 4
		},
		{
			"icon": {
				"paths": [
					"M495.686 495.686l-433.231-433.231 55.698-55.698 433.231 433.231 433.231-433.231 55.698 55.698-433.231 433.231 433.231 433.231-55.698 55.698-433.231-433.231-433.231 433.231-55.698-55.698 433.231-433.231z"
				],
				"attrs": [
					{}
				],
				"isMulticolor": false,
				"width": 1103,
				"grid": 16,
				"tags": [
					"close"
				]
			},
			"attrs": [
				{}
			],
			"properties": {
				"order": 15,
				"id": 11,
				"prevSize": 32,
				"code": 58887,
				"name": "close"
			},
			"setIdx": 0,
			"setId": 0,
			"iconIdx": 5
		},
		{
			"icon": {
				"paths": [
					"M522.449 512l-501.551 512-20.898-21.337 480.653-490.663-480.653-490.663 20.898-21.337 501.551 512z"
				],
				"attrs": [
					{}
				],
				"isMulticolor": false,
				"width": 522,
				"grid": 16,
				"tags": [
					"slider-next"
				]
			},
			"attrs": [
				{}
			],
			"properties": {
				"order": 24,
				"id": 1,
				"prevSize": 32,
				"code": 58880,
				"name": "slider-next"
			},
			"setIdx": 0,
			"setId": 0,
			"iconIdx": 10
		},
		{
			"icon": {
				"paths": [
					"M0 512l501.551 512 20.898-21.337-480.653-490.663 480.653-490.663-20.898-21.337-501.551 512z"
				],
				"attrs": [
					{}
				],
				"isMulticolor": false,
				"width": 522,
				"grid": 16,
				"tags": [
					"slider-prev"
				]
			},
			"attrs": [
				{}
			],
			"properties": {
				"order": 25,
				"id": 0,
				"prevSize": 32,
				"code": 58881,
				"name": "slider-prev"
			},
			"setIdx": 0,
			"setId": 0,
			"iconIdx": 11
		},
		{
			"icon": {
				"paths": [
					"M585.143 402.286q0 14.857-10.857 25.714l-256 256q-10.857 10.857-25.714 10.857t-25.714-10.857l-256-256q-10.857-10.857-10.857-25.714t10.857-25.714 25.714-10.857h512q14.857 0 25.714 10.857t10.857 25.714z"
				],
				"width": 585,
				"attrs": [],
				"isMulticolor": false,
				"tags": [
					"caret-down"
				],
				"defaultCode": 61655,
				"grid": 14
			},
			"attrs": [],
			"properties": {
				"name": "caret-down",
				"order": 20,
				"id": 2,
				"prevSize": 28,
				"code": 61655
			},
			"setIdx": 0,
			"setId": 0,
			"iconIdx": 6
		},
		{
			"icon": {
				"paths": [
					"M585.143 694.857q0 14.857-10.857 25.714t-25.714 10.857h-512q-14.857 0-25.714-10.857t-10.857-25.714 10.857-25.714l256-256q10.857-10.857 25.714-10.857t25.714 10.857l256 256q10.857 10.857 10.857 25.714z"
				],
				"width": 585,
				"attrs": [],
				"isMulticolor": false,
				"tags": [
					"caret-up"
				],
				"defaultCode": 61656,
				"grid": 14
			},
			"attrs": [],
			"properties": {
				"name": "caret-up",
				"order": 21,
				"id": 3,
				"prevSize": 28,
				"code": 61656
			},
			"setIdx": 0,
			"setId": 0,
			"iconIdx": 7
		},
		{
			"icon": {
				"paths": [
					"M365.714 256v512q0 14.857-10.857 25.714t-25.714 10.857-25.714-10.857l-256-256q-10.857-10.857-10.857-25.714t10.857-25.714l256-256q10.857-10.857 25.714-10.857t25.714 10.857 10.857 25.714z"
				],
				"width": 366,
				"attrs": [],
				"isMulticolor": false,
				"tags": [
					"caret-left"
				],
				"defaultCode": 61657,
				"grid": 14
			},
			"attrs": [],
			"properties": {
				"name": "caret-left",
				"order": 22,
				"id": 4,
				"prevSize": 28,
				"code": 61657
			},
			"setIdx": 0,
			"setId": 0,
			"iconIdx": 8
		},
		{
			"icon": {
				"paths": [
					"M329.143 512q0 14.857-10.857 25.714l-256 256q-10.857 10.857-25.714 10.857t-25.714-10.857-10.857-25.714v-512q0-14.857 10.857-25.714t25.714-10.857 25.714 10.857l256 256q10.857 10.857 10.857 25.714z"
				],
				"width": 366,
				"attrs": [],
				"isMulticolor": false,
				"tags": [
					"caret-right"
				],
				"defaultCode": 61658,
				"grid": 14
			},
			"attrs": [],
			"properties": {
				"name": "caret-right",
				"order": 23,
				"id": 5,
				"prevSize": 28,
				"code": 61658
			},
			"setIdx": 0,
			"setId": 0,
			"iconIdx": 9
		}
	],
	"height": 1024,
	"metadata": {
		"name": "icons"
	},
	"preferences": {
		"showGlyphs": true,
		"showQuickUse": true,
		"showQuickUse2": true,
		"showSVGs": true,
		"fontPref": {
			"prefix": "ico-",
			"metadata": {
				"fontFamily": "icons",
				"majorVersion": 1,
				"minorVersion": 0
			},
			"metrics": {
				"emSize": 1024,
				"baseline": 6.25,
				"whitespace": 50
			},
			"cssVars": true,
			"showSelector": true,
			"selector": "class",
			"classSelector": ".ico",
			"showVersion": false,
			"showMetadata": false
		},
		"imagePref": {
			"prefix": "icon-",
			"png": true,
			"useClassSelector": true,
			"color": 4473924,
			"bgColor": 16777215
		},
		"historySize": 100,
		"gridSize": 16,
		"showGrid": true
	}
}