{
	"IcoMoonType": "selection",
	"icons": [
		{
			"icon": {
				"paths": [
					"M585.143 402.286q0 14.857-10.857 25.714l-256 256q-10.857 10.857-25.714 10.857t-25.714-10.857l-256-256q-10.857-10.857-10.857-25.714t10.857-25.714 25.714-10.857h512q14.857 0 25.714 10.857t10.857 25.714z"
				],
				"width": 585,
				"attrs": [],
				"isMulticolor": false,
				"tags": [
					"caret-down"
				],
				"defaultCode": 61655,
				"grid": 14
			},
			"attrs": [],
			"properties": {
				"name": "caret-down",
				"order": 3,
				"id": 2,
				"prevSize": 28,
				"code": 61655
			},
			"setIdx": 0,
			"setId": 0,
			"iconIdx": 0
		},
		{
			"icon": {
				"paths": [
					"M585.143 694.857q0 14.857-10.857 25.714t-25.714 10.857h-512q-14.857 0-25.714-10.857t-10.857-25.714 10.857-25.714l256-256q10.857-10.857 25.714-10.857t25.714 10.857l256 256q10.857 10.857 10.857 25.714z"
				],
				"width": 585,
				"attrs": [],
				"isMulticolor": false,
				"tags": [
					"caret-up"
				],
				"defaultCode": 61656,
				"grid": 14
			},
			"attrs": [],
			"properties": {
				"name": "caret-up",
				"order": 4,
				"id": 3,
				"prevSize": 28,
				"code": 61656
			},
			"setIdx": 0,
			"setId": 0,
			"iconIdx": 1
		},
		{
			"icon": {
				"paths": [
					"M365.714 256v512q0 14.857-10.857 25.714t-25.714 10.857-25.714-10.857l-256-256q-10.857-10.857-10.857-25.714t10.857-25.714l256-256q10.857-10.857 25.714-10.857t25.714 10.857 10.857 25.714z"
				],
				"width": 366,
				"attrs": [],
				"isMulticolor": false,
				"tags": [
					"caret-left"
				],
				"defaultCode": 61657,
				"grid": 14
			},
			"attrs": [],
			"properties": {
				"name": "caret-left",
				"order": 5,
				"id": 4,
				"prevSize": 28,
				"code": 61657
			},
			"setIdx": 0,
			"setId": 0,
			"iconIdx": 2
		},
		{
			"icon": {
				"paths": [
					"M329.143 512q0 14.857-10.857 25.714l-256 256q-10.857 10.857-25.714 10.857t-25.714-10.857-10.857-25.714v-512q0-14.857 10.857-25.714t25.714-10.857 25.714 10.857l256 256q10.857 10.857 10.857 25.714z"
				],
				"width": 366,
				"attrs": [],
				"isMulticolor": false,
				"tags": [
					"caret-right"
				],
				"defaultCode": 61658,
				"grid": 14
			},
			"attrs": [],
			"properties": {
				"name": "caret-right",
				"order": 7,
				"id": 5,
				"prevSize": 28,
				"code": 61658
			},
			"setIdx": 0,
			"setId": 0,
			"iconIdx": 3
		},
		{
			"icon": {
				"paths": [
					"M522.449 512l-501.551 512-20.898-21.337 480.653-490.663-480.653-490.663 20.898-21.337 501.551 512z"
				],
				"attrs": [
					{}
				],
				"isMulticolor": false,
				"width": 522,
				"grid": 0,
				"tags": [
					"slider-next"
				]
			},
			"attrs": [
				{}
			],
			"properties": {
				"order": 8,
				"id": 1,
				"prevSize": 32,
				"code": 58880,
				"name": "slider-next"
			},
			"setIdx": 0,
			"setId": 0,
			"iconIdx": 4
		},
		{
			"icon": {
				"paths": [
					"M0 512l501.551 512 20.898-21.337-480.653-490.663 480.653-490.663-20.898-21.337-501.551 512z"
				],
				"attrs": [
					{}
				],
				"isMulticolor": false,
				"width": 522,
				"grid": 0,
				"tags": [
					"slider-prev"
				]
			},
			"attrs": [
				{}
			],
			"properties": {
				"order": 9,
				"id": 0,
				"prevSize": 32,
				"code": 58881,
				"name": "slider-prev"
			},
			"setIdx": 0,
			"setId": 0,
			"iconIdx": 5
		}
	],
	"height": 1024,
	"metadata": {
		"name": "icons"
	},
	"preferences": {
		"showGlyphs": true,
		"showQuickUse": true,
		"showQuickUse2": true,
		"showSVGs": true,
		"fontPref": {
			"prefix": "ico-",
			"metadata": {
				"fontFamily": "icons",
				"majorVersion": 1,
				"minorVersion": 0
			},
			"metrics": {
				"emSize": 1024,
				"baseline": 6.25,
				"whitespace": 50
			},
			"cssVars": true,
			"showSelector": true,
			"selector": "class",
			"classSelector": ".ico",
			"showVersion": false,
			"showMetadata": false
		},
		"imagePref": {
			"prefix": "icon-",
			"png": true,
			"useClassSelector": true,
			"color": 4473924,
			"bgColor": 16777215
		},
		"historySize": 100
	}
}